Reed Howard,Design and Advocacy in Mental Health and Illness,Ernest Bailey,2,w,12,https://picsum.photos/id/2/200/200
Reed Howard,Design and Advocacy in Mental Health and Illness,Theresa Anthony,34,m,0,https://picsum.photos/id/2/200/200
Reed Howard,"Media, Performance, and Foxes in the Sixteenth Century",Rogers Perez,15,i,2,https://picsum.photos/id/2/200/200
Reed Howard,"Hindus, Cosmology, and Petrology",Wilson Perez,21,n,10,https://picsum.photos/id/2/200/200
Carolyn Brooks,"Morphology, Citizens, and Caste",Harry Murphy,20,l,12,https://picsum.photos/id/1/200/200
Carolyn Brooks,Design and Advocacy in Mental Health and Illness,Cook Rachel,20,n,2,https://picsum.photos/id/1/200/200
Carolyn Brooks,Design and Advocacy in Mental Health and Illness,Carolyn Julie,31,g,-3,https://picsum.photos/id/1/200/200
Carolyn Brooks,"Decay, Sustainability, and Change in Gothic Europe",Butler Chris,11,h,None,https://picsum.photos/id/1/200/200
Carolyn Brooks,"Morphology, Citizens, and Caste",Morgan Thompson,10,j,4,https://picsum.photos/id/1/200/200
Carolyn Brooks,Ethnicity and Optics in Conflict and Transition,Albert Rachel,33,n,2,https://picsum.photos/id/1/200/200
Carolyn Brooks,Design and Advocacy in Mental Health and Illness,Perry Thompson,30,i,7,https://picsum.photos/id/1/200/200
Carolyn Brooks,"Hindus, Cosmology, and Petrology",Reed Paula,39,e,4,https://picsum.photos/id/1/200/200
Simmons Perez,Design and Advocacy in Mental Health and Illness,Perry Chris,38,k,2,https://picsum.photos/id/5/200/200
Simmons Perez,"Media, Performance, and Foxes in the Sixteenth Century",Shirley Edwards,19,k,10,https://picsum.photos/id/5/200/200
Simmons Perez,"Creativity, Fields, and Evolutionary",Randy Phillips,0,d,4,https://picsum.photos/id/5/200/200
Simmons Perez,"Media, Performance, and Foxes in the Sixteenth Century",Theresa Murphy,3,g,12,https://picsum.photos/id/5/200/200
Larry Julie,"Purpose, Culture, and Diversity in Kiswahili Literature",Randy Rachel,35,q,4,https://picsum.photos/id/3/200/200
Simmons Edwards,"Anatomy, Application, and Thermodynamics",Barnes Chris,17,l,None,https://picsum.photos/id/5/200/200
